track_id,track_name,track_artist,track_popularity,track_album_id,track_album_name,track_album_release_date,playlist_name,playlist_id,playlist_genre,playlist_subgenre,danceability,energy,key,loudness,mode,speechiness,acousticness,instrumentalness,liveness,valence,tempo,duration_ms
6f807x0ima9a1j3VPbc7VN,I Don't Care (with Justin Bieber) - Loud Luxury Remix,Ed Sheeran,66,2oCs0DGTsRO98Gh5ZSl2Cx,I Don't Care (with Justin Bieber) [Loud Luxury Remix],2019-06-14,Pop Remix,37i9dQZF1DXcZDD7cfEKhW,pop,dance pop,0.748,0.916,6,-2.634,1,0.0583,0.102,0,0.0653,0.518,122.036,194754
0r7CVbZTWZgbTCYdfa2P31,Memories - Dillon Francis Remix,Maroon 5,67,63rPSO264uRjW1X5E6cWv6,Memories (Dillon Francis Remix),2019-12-13,Pop Remix,37i9dQZF1DXcZDD7cfEKhW,pop,dance pop,0.726,0.815,11,-4.969,1,0.0373,0.0724,0.00421,0.357,0.693,99.972,162600
1z1Hg7Vb0AhHDiEmnDE79l,All the Time - Don Diablo Remix,Zara Larsson,70,1HoSmj2eLcsrR0vE9gThr4,All the Time (Don Diablo Remix),2019-07-05,Pop Remix,37i9dQZF1DXcZDD7cfEKhW,pop,dance pop,0.675,0.931,1,-3.432,0,0.0742,0.0794,2.33e-5,0.11,0.613,124.008,176616
75FpbthrwQmzHlBJLuGdC7,Call You Mine - Keanu Silva Remix,The Chainsmokers,60,1nqYsOef1yKKuGOVchbsk6,Call You Mine - The Remixes,2019-07-19,Pop Remix,37i9dQZF1DXcZDD7cfEKhW,pop,dance pop,0.718,0.93,7,-3.778,1,0.102,0.0287,9.43e-6,0.204,0.277,121.956,169093
1e8PAfcKUYoKkxPhrHqw4x,Someone You Loved - Future Humans Remix,Lewis Capaldi,69,7m7vv9wlQ4i0LFuJiE2zsQ,Someone You Loved (Future Humans Remix),2019-03-05,Pop Remix,37i9dQZF1DXcZDD7cfEKhW,pop,dance pop,0.65,0.833,1,-4.672,1,0.0359,0.0803,0,0.0833,0.725,123.976,189052
7fvUMiyapMsRRxr07cU8Ef,Beautiful People (feat. Khalid) - Jack Wins Remix,Ed Sheeran,67,2yiy9cd2QktrNvWC2EUi0k,Beautiful People (feat. Khalid) [Jack Wins Remix],2019-07-11,Pop Remix,37i9dQZF1DXcZDD7cfEKhW,pop,dance pop,0.675,0.919,8,-5.385,1,0.127,0.0799,0,0.143,0.585,124.982,163049
2OAylPUDDfwRGfe0lYqlCQ,Never Really Over - R3HAB Remix,Katy Perry,62,7INHYSeusaFlyrHSNxm8qH,Never Really Over (R3HAB Remix),2019-07-26,Pop Remix,37i9dQZF1DXcZDD7cfEKhW,pop,dance pop,0.449,0.856,5,-4.788,0,0.0623,0.187,0,0.176,0.152,112.648,187675
6b1RNvAcJjQH73eZO4BLAB,Post Malone (feat. RANI) - GATTÜSO Remix,Sam Feldt,69,6703SRPsLkS4bPtMFFJes1,Post Malone (feat. RANI) [GATTÜSO Remix],2019-08-29,Pop Remix,37i9dQZF1DXcZDD7cfEKhW,pop,dance pop,0.542,0.903,4,-2.419,0,0.0434,0.0335,4.83e-6,0.111,0.367,127.936,207619
7bF6tCO3gFb8INrEDcjNT5,Tough Love - Tiësto Remix / Radio Edit,Avicii,68,7CvAfGvq4RlIwEbT9o8Iav,Tough Love (Tiësto Remix),2019-06-14,Pop Remix,37i9dQZF1DXcZDD7cfEKhW,pop,dance pop,0.594,0.935,8,-3.562,1,0.0565,0.0249,3.97e-6,0.637,0.366,127.015,193187
1IXGILkPm0tOCNeq00kCPa,If I Can't Have You - Gryffin Remix,Shawn Mendes,67,4QxzbfSsVryEQwvPFEV5Iu,If I Can't Have You (Gryffin Remix),2019-06-20,Pop Remix,37i9dQZF1DXcZDD7cfEKhW,pop,dance pop,0.642,0.818,2,-4.552,1,0.032,0.0567,0,0.0919,0.59,124.957,253040
3eFJI470ALf1EYjywPRsJy,Cross Me (feat. Chance the Rapper & PnB Rock) - M-22 Remix,Ed Sheeran,58,49bXZtlI5kQSqQMSCnSaWO,Cross Me (feat. Chance the Rapper & PnB Rock) [M-22 Remix],2019-06-21,Pop Remix,37i9dQZF1DXcZDD7cfEKhW,pop,dance pop,0.679,0.923,6,-6.5,1,0.181,0.146,4.92e-6,0.124,0.752,121.984,207894
3iJeF2izF1QcpCgUc97BLl,Hate Me - R3HAB Remix,Ellie Goulding,67,6e6RVFWdZaoTiLAZOCMnps,Hate Me (R3HAB Remix),2019-08-16,Pop Remix,37i9dQZF1DXcZDD7cfEKhW,pop,dance pop,0.437,0.774,8,-4.918,1,0.0554,0.148,0,0.133,0.329,123.125,203733
6e0CvGZf7CouOpYF8toXHC,Body On My,Loud Luxury,67,2R66I0nzp3NnuUlzIGWQ5P,Body On My,2019-03-29,Pop Remix,37i9dQZF1DXcZDD7cfEKhW,pop,dance pop,0.744,0.726,1,-4.675,1,0.0463,0.0399,0,0.374,0.687,121.985,192507
3eLdNmnRWr9gIyBcqTSSti,SOS - Laidback Luke Tribute Remix / Radio Edit,Avicii,68,7Al4TIo0c5twNLfdOh1y1u,SOS (Laidback Luke Tribute Remix),2019-05-17,Pop Remix,37i9dQZF1DXcZDD7cfEKhW,pop,dance pop,0.572,0.915,5,-4.451,0,0.0625,0.0111,0,0.339,0.678,123.919,164516
55nMnifaQWKe3f9cbwOXwx,Summer Days (feat. Macklemore & Patrick Stump of Fall Out Boy) - Tiësto Remix,Martin Garrix,63,2vx3BtBMn8Ed3ygEg1OT2t,Summer Days (feat. Macklemore & Patrick Stump of Fall Out Boy) [Remixes],2019-07-12,Pop Remix,37i9dQZF1DXcZDD7cfEKhW,pop,dance pop,0.69,0.78,5,-4.446,0,0.0594,0.00733,0.00183,0.0729,0.238,126.07,255238
1EJgymgJHcjSOGSHcYaxvW,South of the Border (feat. Camila Cabello & Cardi B) - Andy Jarvis Remix,Ed Sheeran,66,1imXAvLuowvPYIsFMYUPY0,South of the Border (feat. Camila Cabello & Cardi B) [Andy Jarvis Remix],2019-12-11,Pop Remix,37i9dQZF1DXcZDD7cfEKhW,pop,dance pop,0.805,0.835,0,-4.603,1,0.0896,0.13,5.03e-6,0.365,0.722,125.028,188230
5WaXMQMlQpq8pwIdaFP43L,All My Friends - Eden Prince Remix,AJ Mitchell,60,4lXBBbiEgwTzcfAkqdXJV1,All My Friends (Eden Prince Remix),2019-05-03,Pop Remix,37i9dQZF1DXcZDD7cfEKhW,pop,dance pop,0.694,0.901,1,-4.322,0,0.0948,0.0702,0,0.427,0.368,118.051,173548
3TjLsDgL0bTbSQIF6M5Ki8,Say My Name (feat. Bebe Rexha & J Balvin) - Lucas & Steve Remix,David Guetta,65,19z3vpbBT09lZ54neDfuFL,Say My Name (feat. Bebe Rexha & J Balvin) [Lucas & Steve Remix],2018-12-28,Pop Remix,37i9dQZF1DXcZDD7cfEKhW,pop,dance pop,0.678,0.747,10,-5.289,0,0.165,0.0395,0,0.174,0.516,120.002,189375
0GfS3y8Jd7SHWd9R51s7Fo,Dancing With A Stranger (With Normani) - Cheat Codes Remix,Sam Smith,69,2LDzwN4iZ4qbSA32E9CG4Q,Dancing With A Stranger (With Normani) [Cheat Codes Remix],2019-03-08,Pop Remix,37i9dQZF1DXcZDD7cfEKhW,pop,dance pop,0.746,0.557,1,-6.722,1,0.0542,0.103,0.0036,0.138,0.324,111.961,159404
0qc4QlcCxVTGyShurEv1UU,Post Malone (feat. RANI),Sam Feldt,83,41S9bfzXTSGK4HU2mp5qXH,Magnets EP,2019-05-24,Dance Pop,37i9dQZF1DWZQaaqNMbbXa,pop,dance pop,0.59,0.642,7,-3.87,1,0.122,0.0771,0,0.105,0.651,107.356,174444
05CwHjIk71RXVU40boRMnR,Call You Mine,The Chainsmokers,39,1ONuDpN0a3zhCUyKCgtuzK,World War Joy,2019-05-31,Dance Pop,37i9dQZF1DWZQaaqNMbbXa,pop,dance pop,0.591,0.702,7,-5.59,1,0.0289,0.225,0,0.414,0.501,104.003,217653
5icOoE6VgqFKohjWWNp0Ac,Here With Me,Marshmello,83,6NHS3hV16MZyfcp0nSHdrd,Here With Me,2019-03-08,Dance Pop,37i9dQZF1DWZQaaqNMbbXa,pop,dance pop,0.791,0.565,5,-3.933,0,0.0439,0.0623,0,0.156,0.181,99.961,156347
6GIRtKNXokeu25nn7U6Hu8,Easier - Seeb Remix,5 Seconds of Summer,71,1N3m1ZId0DMGaCN83haJLs,Easier (Seeb Remix),2019-07-12,Dance Pop,37i9dQZF1DWZQaaqNMbbXa,pop,dance pop,0.564,0.747,5,-3.374,1,0.0584,0.0728,0,0.151,0.717,97.878,165767
4PkIDTPGedm0enzdvilLNd,Sixteen,Ellie Goulding,81,5AXNN75OmMjFrwst6ExNPx,Sixteen,2019-04-12,Dance Pop,37i9dQZF1DWZQaaqNMbbXa,pop,dance pop,0.669,0.801,8,-5.445,1,0.136,0.268,0,0.0594,0.541,109.919,201072
5PYQUBXc7NYeI1obMKSJK0,Never Really Over,Katy Perry,85,3KjXg0MDej2pG9fv6I22lT,Never Really Over,2019-05-31,Dance Pop,37i9dQZF1DWZQaaqNMbbXa,pop,dance pop,0.77,0.882,8,-4.792,1,0.0602,0.194,0,0.316,0.385,99.991,223523
3vQhEd4lOg4mAV6CHCgoHW,South of the Border (feat. Camila Cabello & Cardi B) - Sam Feldt Remix,Ed Sheeran,65,05Bru0ZVTxp4orAyrZIA77,South of the Border (feat. Camila Cabello & Cardi B) [Sam Feldt Remix],2019-10-04,Dance Pop,37i9dQZF1DWZQaaqNMbbXa,pop,dance pop,0.789,0.858,5,-4.388,1,0.0404,0.22,4.58e-5,0.335,0.491,110.012,173455
09IStsImFySgyp0pIQdqAc,The Middle,Zedd,84,7nEiwcUSwycvC77kZ9ub7c,The Middle,2018-01-23,Dance Pop,37i9dQZF1DWZQaaqNMbbXa,pop,dance pop,0.753,0.657,7,-3.061,1,0.0449,0.171,0,0.112,0.437,107.01,184732
6ksMjdec8b6C45TUawkAdu,Crash Into Me,Steve Aoki,37,2dRuXHSYXjRubjTkjMFZFD,Crash Into Me,2019-07-12,Dance Pop,37i9dQZF1DWZQaaqNMbbXa,pop,dance pop,0.672,0.815,1,-6.476,0,0.0981,0.00246,0,0.577,0.341,115.033,226093
5rxKInBVj0QE87KenyDiLf,Crash Into Me - Settle Down Steavis Aoki Remix,Steve Aoki,34,6GXIqRarFMaBWoF4N33foM,Crash Into Me (Settle Down Steavis Aoki Remix),2019-11-12,Pop Remix,37i9dQZF1DXcZDD7cfEKhW,pop,dance pop,0.535,0.956,1,-2.996,0,0.0343,0.000609,0.0109,0.262,0.12,127.984,266719
2aFAmDBycyEnj3lcS95JMe,With You - LöKii Remix,Kaskade,57,5cHgBxHHpJLjMWGBBiJEVJ,With You - The Remixes,2019-09-12,Dance Room,37i9dQZF1DX2ENAPP1Tyed,pop,dance pop,0.708,0.727,9,-7.647,1,0.0389,0.0201,0.676,0.37,0.512,120.012,231480
1xK7enJZVdv37fnnxoZlPq,With You,Kaskade,71,03Rd91m56yw4XklwHF9FHq,With You,2019-06-14,Dance Pop,37i9dQZF1DWZQaaqNMbbXa,pop,dance pop,0.362,0.921,1,-3.815,0,0.486,0.123,0,0.19,0.529,172.191,180840
6BwClo5W3VvTzJv8bvZXDD,Something Real,Armin van Buuren,65,42Q6dojwO2PInszaHUFjly,Something Real,2019-07-12,Dance Pop,37i9dQZF1DWZQaaqNMbbXa,pop,dance pop,0.575,0.808,1,-4.578,1,0.0439,0.0446,0,0.0693,0.232,127.922,179531
3BOcWxFUURAomDXRSDFve4,Something Real,Armin van Buuren,58,5cqwXF2j9LkvFInBFlnQd3,Balance,2019-10-25,Dance Room,37i9dQZF1DX2ENAPP1Tyed,pop,dance pop,0.575,0.808,1,-4.578,1,0.0439,0.0446,0,0.0693,0.232,127.922,179531
1Pe3Tnahd3nNcKrTvNvNvW,Million Voices,Armin van Buuren,60,5cqwXF2j9LkvFInBFlnQd3,Balance,2019-10-25,Dance Pop,37i9dQZF1DWZQaaqNMbbXa,pop,dance pop,0.466,0.869,3,-4.275,1,0.0529,0.0142,0.00241,0.115,0.185,126.113,187150
5EdYlCWou17k0N1PADLKfO,Call You Mine - Asketa & Natan Chaim Remix,The Chainsmokers,58,1nqYsOef1yKKuGOVchbsk6,Call You Mine - The Remixes,2019-07-19,Dance Room,37i9dQZF1DX2ENAPP1Tyed,pop,dance pop,0.577,0.844,7,-3.364,1,0.0406,0.00407,6.13e-6,0.499,0.283,115.066,183653
4bSFPMXKYaCoBhzJv276zl,After The Landslide - Club Remix,Matt Simons,42,5dUclWPRHUknlqyiffoqfE,After The Landslide (Remix),2019-09-19,Dance Room,37i9dQZF1DX2ENAPP1Tyed,pop,dance pop,0.63,0.731,6,-4.985,1,0.0352,0.0191,7.82e-6,0.704,0.46,119.997,240000
3uiQZlSlSDRduWLFBTSEot,Don't Start Now - Kungs Remix,Dua Lipa,65,4mzsZJ8apTlyqRRJgJcFY9,Don't Start Now (Kungs Remix),2019-12-18,Dance Room,37i9dQZF1DX2ENAPP1Tyed,pop,dance pop,0.664,0.699,11,-7.115,0,0.27,0.0352,0,0.0612,0.252,122.019,216256
7pWK1kMgHy5lNNiIfuRbkP,Used To Love (with Dean Lewis),Martin Garrix,83,3YD1qyD9KPFzzTK1UC1Gvo,Used To Love (with Dean Lewis),2019-10-31,Dance Room,37i9dQZF1DX2ENAPP1Tyed,pop,dance pop,0.651,0.693,4,-4.722,1,0.0375,0.458,0,0.335,0.392,118.97,236765
4YhN72dRYL2Z3MsaKyT7rS,Stay (Don't Go Away) [feat. Raye],David Guetta,74,581MrXg5n979mmvZaC6AOE,Stay (Don't Go Away) [feat. Raye],2019-05-09,Dance Room,37i9dQZF1DX2ENAPP1Tyed,pop,dance pop,0.669,0.797,9,-5.68,0,0.0624,0.259,0,0.199,0.552,119.865,185943
4RaN7556EogBfF80klMEX2,Stay (Don't Go Away) [feat. Raye] - Mark Knight Remix,David Guetta,58,5DInvPwtc0gzZuZjpu1BHc,Stay (Don't Go Away) [feat. Raye] [Mark Knight Remix],2019-07-11,Pop Remix,37i9dQZF1DXcZDD7cfEKhW,pop,dance pop,0.607,0.995,9,-2.325,0,0.0487,0.0921,0.002,0.0445,0.664,124.998,188640
